{
  "accuracy": 0.6666666666666666,
  "precision": 0.8461538461538461,
  "recall": 0.6111111111111112,
  "f1": 0.7096774193548387,
  "auc": 0.7345679012345679
}