{
  "accuracy": 0.6296296296296297,
  "precision": 0.8333333333333334,
  "recall": 0.5555555555555556,
  "f1": 0.6666666666666666,
  "auc": 0.7530864197530864
}