{
  "accuracy": 0.6296296296296297,
  "precision": 0.9,
  "recall": 0.5,
  "f1": 0.6428571428571429,
  "auc": 0.808641975308642
}